Acad. Yr,Program Title,Faculty Director,Term,Number of Participants,Country,Countries Visited,Photos
1965-66,Japan Study Summer Seminar,Tetsue Najita,Summer,17,Japan,Japan,
1966-67,Japan Study Summer Seminar,Steven Piker,Summer,15,Japan,Japan,
1967-68,Japan Study Summer Seminar,John Perry,Summer,15,Japan,Japan,
1968-69,Japan Study Summer Seminar,John Perry,Summer,15,Japan,Japan,
1969-70,African Seminar (ivory Coast Only),Elhanan Hagolani,Summer/Fall,14,Ivory Coast,Ivory Coast,
1969-70,Japan Study Summer Seminar,Bardwell Smith,Summer/Fall,17,Japan,Japan,
1969-70,Sociology Seminar In Puerto Rico,Byron Fox,Winter,20,USA,USA,
1970-71,"History Seminar In Caen, France",Carl Weiner,Spring,16,France,France,
1970-71,Japan Study Summer Seminar,Barry Jackman,Summer/Fall,14,Japan,Japan,
1971-72,English Seminar In London,Frank Morral,Fall,20,UK,UK,
1971-72,Japan Study Summer Seminar,Robert Wood,Summer/Fall,13,Japan,Japan,
1971-72,Marine Biology Seminar In Bermuda,Gary Wagenbach,Winter,20,Bermuda,Bermuda,
1972-73,Interdisciplinary Seminar In London,Bob Bonner & Vern Bailey,Fall,31,UK,UK,
1972-73,Language Training Program In Pau,Michel Monnot,Spring,25,France,France,
1973-74,English Seminar In London,John Woodruff,Fall,20,UK,UK,
1973-74,French Language In Pau I,Byron Leonard,Spring,20,France,France,
1973-74,German Seminar In Trier,Richard Cantwell,Fall,20,Germany,Germany,
1973-74,Marine Biology Seminar In Bermuda,Gary Wagenbach,Winter,22,Bermuda,Bermuda,
1974-75,Art History In Greece,Dale Haworth,Fall,22,Greece,Greece,
1974-75,English Seminar In London,George Soule,Fall,21,UK,UK,
1974-75,French Language In Pau I,Byron Leonard,Spring,23,France,France,
1974-75,French Language In Pau II,Michel Monnot,Winter/Spring,12,France,France,
1975-76,English Seminar In London,James McDonnell,Summer,21,UK,UK,
1975-76,French Language In Pau I,Hervé Pensec,Spring,24,France,France,
1975-76,French Language In Pau II,Michel Monnot,Winter/Spring,5,France,France,
1975-76,International Relations Seminar In Geneva,Hartley Clark,Summer,20,Switzerland,Switzerland,
1975-76,Marine Biology Seminar In California,Gary Wagenbach,Fall,20,USA,USA,
1976-77,English Seminar In London,Ed Sostek,Winter,21,UK,UK,
1976-77,French Language In Pau I,Michel Monnot,Spring,22,France,France,
1976-77,French Language In Pau II,Michel Monnot,Winter/Spring,3,France,France,
1976-77,German Seminar In Trier,Ulf Zimmerman,Fall,21,Germany,Germany,
1977-78,English Seminar In London,John Wright,Fall,18,UK,UK,
1977-78,French Language In Pau I,Carl Weiner,Spring,25,France,France,
1977-78,French Language In Pau II,Michel Monnot,Winter/Spring,10,France,France,
1977-78,International Relations Seminar In Geneva,Hartley Clark,Summer,22,Switzerland,Switzerland,
1977-78,Marine Biology Seminar In California,Gary Wagenbach,Winter,21,USA,USA,
1978-79,English Seminar In London,Wayne Carver,Fall,23,UK,UK,
1978-79,French Language In Pau I,Bob Fields,Spring,27,France,France,
1978-79,French Language In Pau II,Michel Monnot,Winter/Spring,12,France,France,
1978-79,German Seminar In Nuremberg,Roger Paas,Fall,20,Germany,Germany,
1979-80,English Seminar In London,George Soule,Fall,25,UK,UK,
1979-80,French Language In Pau I,Cathy Yandell,Spring,25,France,France,
1979-80,French Language In Pau II,Lisa Neal & Milan Kovacovic,Winter/Spring,18,France,France,
1979-80,International Relations Seminar In Geneva,Hartley Clark,Fall,25,Switzerland,Switzerland,
1979-80,Marine Biology Seminar In California,Gary Wagenbach,Fall,22,USA,USA,
1980-81,Economics Seminar In Nuremberg,Martha Paas,Fall,20,Germany,Germany,
1980-81,English Seminar In London,Keith Harrison,Winter,25,UK,UK,
1980-81,French Language In Pau I,Milan Kovacovic,Spring,27,France,France,
1980-81,French Language In Pau II,Lisa Neal & Milan Kovacovic,Winter/Spring,18,France,France,
1980-81,"German Seminar In Graz, Austria",Anne Ulmer,Fall,21,Austria,Austria,
1980-81,Spanish Seminar In Morelia,Ana Taylor,Fall,17,Mexico,Mexico,
1981-82,English Seminar In London,Bob Tisdale,Winter,25,UK,UK,
1981-82,French Language In Pau I,Michel Monnot,Spring,24,France,France,
1981-82,French Language In Pau II,Michel Monnot,Winter/Spring,23,France,France,
1981-82,German Seminar In Munich,Julie Klassen,Fall,21,Germany,Germany,
1981-82,International Relations Seminar In Geneva,Hartley Clark,Fall,28,Switzerland,Switzerland,
1981-82,Marine Biology Seminar In California,Gary Wagenbach,Fall,22,USA,USA,
1981-82,Spanish Seminar In Morelia,Pat Dust,Winter,15,Mexico,Mexico,
1982-83,Art History In Greece,Dale Haworth,Fall,22,Greece,Greece,
1982-83,English Seminar In London,James McDonnell,Fall,25,UK,UK,
1982-83,French Language In Pau I,Debbie Glassman,Spring,24,France,France,
1982-83,French Language In Pau II,Gail Schwab,Winter/Spring,6,France,France,
1982-83,"German Seminar In Graz, Austria",Anne Ulmer,Fall,22,Austria,Austria,
1982-83,"Political Science Seminar In Washington, D.C.",Steven Schier,Winter,23,USA,USA,
1982-83,Reformation Seminar In Marburg,Richard Crouter,Spring,19,Germany,Germany,
1982-83,Spanish Seminar In Morelia,Leah Hewitt,Winter,20,Mexico,Mexico,
1983-84,Economics Seminar In Cambridge,Martha Paas,Summer,21,UK,UK,
1983-84,English Seminar In London,George Soule,Winter,26,UK,UK,
1983-84,French Language In Pau I,Debbie Glassman,Spring,24,France,France,
1983-84,French Language In Pau II,Gail Schwab,Winter/Spring,9,France,France,
1983-84,Geology In Death Valley,Mary Savina & M. Hempton,Winter,24,USA,USA,
1983-84,German Seminar In Nuremberg,Roger Paas,Fall,20,Germany,Germany,
1983-84,International Relations Seminar In Geneva,Hartley Clark,Summer,25,Switzerland,Switzerland,
1983-84,Marine Biology Seminar In California,Gary Wagenbach,Fall,22,USA,USA,
1983-84,Spanish Seminar In Morelia,Becky Boling,Winter,9,Mexico,Mexico,
1984-85,Art History In Greece,Dale Haworth,Fall,22,Greece,Greece,
1984-85,Economics Seminar In Cambridge,Martha Paas,Summer,21,UK,UK,
1984-85,English Seminar In London,Wayne Carver,Fall,25,UK,UK,
1984-85,French Language In Pau I,Dana Strand,Spring,25,France,France,
1984-85,French Language In Pau II,Virginia Marino,Winter/Spring,11,France,France,
1984-85,"Political Science Seminar In Washington, D.C.",Steven Schier,Winter,25,USA,USA,
1984-85,Spanish Seminar In Morelia,Becky Boling,Winter,17,Mexico,Mexico,
1985-86,English Seminar In London,John Schott,Fall,24,UK,UK,
1985-86,French Language In Pau I,Geneviève Soulas-Link,Spring,25,France,France,
1985-86,French Language In Pau II,Joe Krause,Winter/Spring,12,France,France,
1985-86,Geology In Death Valley,Mary Savina,Winter,24,USA,USA,
1985-86,German Seminar In Trier,Richard Cantwell,Fall,20,Germany,Germany,
1985-86,Interdisciplinary Seminar In Vienna,Anne Ulmer,Spring,21,Austria,Austria,
1985-86,International Relations Seminar In Geneva,Hartley Clark,Summer,26,Switzerland,Switzerland,
1985-86,Marine Biology Seminar In California,Gary Wagenbach,Spring,25,USA,USA,
1985-86,Spanish Seminar In Morelia,Becky Boling,Winter,13,Mexico,Mexico,
1986-87,Economics Seminar In Cambridge,George Lamson,Summer,21,UK,UK,
1986-87,English Seminar In London,Frank Morral,Fall,25,UK,UK,
1986-87,French Language In Pau I,Chérif Keïta,Spring,22,France,France,
1986-87,French Language In Pau II,Joe Krause,Winter/Spring,4,France,France,
1986-87,German Seminar In West Berlin,Sigrun Leonhard,Fall,20,Germany,Germany,
1986-87,"Political Science Seminar In Washington, D.C.",Steven Schier,Winter,20,USA,USA,
1986-87,Spanish Seminar In Morelia,Becky Boling,Winter,14,Mexico,Mexico,
1987-88,Art History In Greece,Dale Haworth,Fall,22,Greece,Greece,
1987-88,Economics Seminar In Cambridge,Stephen Strand,Summer,21,UK,UK,
1987-88,English Seminar In London,Ruth Weiner,Fall,25,UK,UK,
1987-88,French Language In Pau I,Françoise Defrecheux,Spring,22,France,France,
1987-88,French Language In Pau II,Joe Krause,Winter/Spring,18,France,France,
1987-88,German Seminar In Munich,Julie Klassen,Spring,20,Germany,Germany,
1987-88,Interdisciplinary In Australia,Keith Harrison & Gary Wagenbach,Spring,41,Australia,Australia,
1987-88,International Relations Seminar In Geneva,Hartley Clark,Summer,26,Switzerland,Switzerland,
1987-88,Spanish Seminar In Morelia,Diane Pearsall,Winter,14,Mexico,Mexico,
1988-89,Archeology & Anthropology In Nepal,James F. Fisher & Nancy Wilkie,Winter,16,Nepal,Nepal,
1988-89,Economics Seminar In Cambridge,Martha Paas,Summer,22,UK,UK,
1988-89,English Seminar In Dublin,James McDonnell,Spring,25,Ireland,Ireland,
1988-89,English Seminar In London,Ed Sostek,Fall,25,UK,UK,
1988-89,French Language In Pau I,Françoise Defrecheux,Spring,21,France,France,
1988-89,French Language In Pau II,Patrick Lobert,Winter/Spring,9,France,France,
1988-89,German Seminar In Nuremberg,Roger Paas,Fall,16,Germany,Germany,
1988-89,Interdisciplinary Seminar In Paris,Geneviève Soulas-Link & Carl Weiner,Spring,22,France,France,
1988-89,"Political Science Seminar In Washington, D.C.",Steven Schier,Winter,20,USA,USA,
1988-89,Spanish Seminar In Morelia,Becky Boling,Winter,14,Mexico,Mexico,
1989-90,Art History In Greece,Dale Haworth,Fall,16,Greece,Greece,
1989-90,Economics Seminar In Cambridge,H. Scott Bierman,Summer,21,UK,UK,
1989-90,English & Psychology Seminar In London,Constance Walker & Neil Lutsky,Winter,36,UK,UK,
1989-90,French Language In Pau I,Chérif Keïta,Spring,13,France,France,
1989-90,French Language In Pau II,Patrick Lobert,Winter/Spring,18,France,France,
1989-90,Geology In Bermuda,Audrey Massa,Winter,21,Bermuda,Bermuda,
1989-90,"German Seminar In Graz, Austria",Anne Ulmer,Fall,18,Austria,Austria,
1989-90,International Relations Seminar In Geneva,Hartley Clark,Summer,25,Switzerland,Switzerland,
1989-90,Marine Biology Seminar In Australia,Gary Wagenbach,Fall,25,Australia,Australia,
1989-90,Political Economy Seminar In Beijing,Roy Grow & Penelope Prime,Spring,40,China,China,
1989-90,Spanish Seminar In Morelia,Becky Boling,Winter,9,Mexico,Mexico,
1990-91,Archeology & Anthropology In Nepal,James F. Fisher & Nancy Wilkie,Winter,13,Nepal,Nepal,
1990-91,Art History In Amsterdam,Alison Kettering,Fall,21,The Netherlands,The Netherlands,
1990-91,Economics Seminar In Cambridge,Robert Will,Summer,22,UK,UK,
1990-91,English Seminar In London,Keith Harrison,Winter,25,UK,UK,
1990-91,French Language In Pau I,Scott Carpenter,Spring,23,France,France,
1990-91,French Seminar In Paris,Geneviève Soulas-Link & Carl Weiner,Spring,22,France,France,
1990-91,German Seminar In Berlin,Sigrun Leonhard,Fall,16,Germany,Germany,
1990-91,"Political Science Seminar In Washington, D.C.",Steven Schier,Winter,21,USA,USA,
1990-91,Spanish Seminar In Morelia,Diane Pearsall,Winter,11,Mexico,Mexico,
1991-92,Advanced French Seminar In Paris,Dana Strand & Steve Strand,Spring,18,France,France,
1991-92,Biology And Geology Seminar In Australia,Gary Wagenbach & Shelby Boardman,Fall,45,Australia,Australia,
1991-92,Economics Seminar In Cambridge,George Lamson,Summer,22,UK,UK,
1991-92,English Seminar In London,Vern Bailey,Winter,26,UK,UK,
1991-92,French Language In Pau I,Scott Carpenter,Spring,22,France,France,
1991-92,German Seminar In Munich,Julie Klassen,Fall,18,Germany,Germany,
1991-92,International Relations Seminar In Geneva,Hartley Clark & Gary Wynia,Summer,40,Switzerland,Switzerland,
1991-92,Political Economy Seminar In Beijing,Roy Grow,Spring,37,China,China,
1991-92,Spanish Seminar In Morelia,Humberto Huergo,Winter,18,Mexico,Mexico,
1992-93,Art History In Greece,Dale Haworth,Fall,18,Greece,Greece,
1992-93,Economics Seminar In Cambridge,Martha Paas,Summer,21,UK,UK,
1992-93,English Seminar In Dublin,James McDonnell,Summer,22,Ireland,Ireland,
1992-93,English Seminar In London,George Soule,Fall,19,UK,UK,
1992-93,French Language In Pau I,Éva Pósfay,Spring,20,France,France,
1992-93,French Seminar In Paris,Geneviève Soulas-Link,Spring,16,France,France,
1992-93,German Seminar In Nuremberg,Roger Paas,Fall,17,Germany,Germany,
1992-93,"Political Science Seminar In Washington, D.C.",Steven Schier,Winter,20,USA,USA,
1992-93,Spanish Seminar In Morelia,Humberto Huergo,Winter,17,Mexico,Mexico,
1992-93,Tropical Field Ecology In Costa Rica,Mark McKone,Winter Break,NDA,Costa Rica,Costa Rica,
1993-94,Economics Seminar In Cambridge,Mike Hemesath,Summer,23,UK,UK,
1993-94,English & Psychology Seminar In London,Constance Walker & Neil Lutsky,Winter,33,UK,UK,
1993-94,French Language In Pau I,Éva Pósfay,Spring,18,France,France,
1993-94,French Seminar In Paris,Chérif Keïta,Spring,23,France,France,
1993-94,Geology Seminar In Italy,David Bice,Fall,23,Italy,Italy,
1993-94,"German Seminar In Graz, Austria",Anne Uimer,Fall,17,Austria,Austria,
1993-94,Marine Biology Seminar In Australia & New Zealand,Gary Wagenbach,Winter,25,Australia,"Australia, New Zealand",
1993-94,Political Science Seminar In Maastricht,Gary Wynia,Summer,22,The Netherlands,The Netherlands,
1993-94,Spanish Seminar In Morelia,Diane Pearsall,Winter,21,Mexico,Mexico,
1994-95,American Studies Seminar In California,Mike Kowalewski,Winter,24,USA,USA,
1994-95,Economics Seminar In Cambridge,Mark Kanazawa,Summer,21,UK,UK,
1994-95,English Seminar In London,Ruth Weiner,Fall,18,UK,UK,
1994-95,French Language In Pau I,Marie-Christine Massé,Spring,17,France,France,
1994-95,French Seminar In Paris,Carl Weiner,Spring,22,France,France,
1994-95,German In Seminar In Bonn,Sigrun Leonhard,Fall,12,Germany,Germany,
1994-95,Political Economy Seminar In Beijing,Roy Grow,Spring,33,China,China,
1994-95,"Political Science Seminar In Washington, D.C.",Steven Schier,Winter,20,USA,USA,
1994-95,Russian Seminar In Moscow,Diane Nemec Ignashev,Spring,23,Russia,Russia,
1994-95,Spanish Seminar In Morelia,Becky Boling,Winter,20,Mexico,Mexico,
1994-95,Tropical Field Ecology In Costa Rica,Mark McKone,Winter Break,NDA,Costa Rica,Costa Rica,
1995-96,Art And Biology Seminar In Australia & New Zealand,Fred Hagstrom & Gary Wagenbach,Winter,49,Australia,"Australia, New Zealand",
1995-96,Economics Seminar In Cambridge,H. Scott Bierman,Summer,21,UK,UK,
1995-96,English Seminar In London,Tim Raylor,Spring,23,UK,UK,
1995-96,French Language In Pau I,Debra Latimer-Smith,Spring,17,France,France,
1995-96,French Seminar In Paris,Scott Carpenter,Spring,25,France,France,
1995-96,Geology Seminar In Italy,David Bice,Fall,24,Italy,Italy,
1995-96,German Seminar In Munich,Julie Klassen,Fall,16,Germany,Germany,
1995-96,Political Science Seminar In Maastricht,Norman Vig,Spring,17,The Netherlands,The Netherlands,
1995-96,Spanish Seminar In Morelia,Humberto Huergo,Winter,15,Mexico,Mexico,
1996-97,Art History In Amsterdam,Alison Kettering,Fall,19,The Netherlands,The Netherlands,
1996-97,Economics Seminar In Cambridge,Martha Paas,Summer,22,UK,UK,
1996-97,English Seminar In Ireland,James McDonnell,Summer,25,Ireland,Ireland,
1996-97,English Seminar In London,Tim Raylor,Spring,23,UK,UK,
1996-97,French Language In Pau I,Chérif Keïta,Spring,17,France,France,
1996-97,French Seminar In Paris,Marie-Christine Massé,Winter,19,France,France,
1996-97,German Seminar In Nuremberg,Roger Paas,Fall,15,Germany,Germany,
1996-97,Political Economy Seminar In Beijing,Roy Grow,Spring,34,China,China,
1996-97,Russian Seminar In Moscow,Anna Dotlibova,Spring,13,Russia,Russia,
1996-97,Spanish Seminar In Morelia,Diane Pearsall,Winter,19,Mexico,Mexico,
1996-97,Tropical Field Ecology In Costa Rica,Mark McKone,Winter Break,NDA,Costa Rica,Costa Rica,
1997-98,American Studies Seminar In California,Mike Kowalewski,Winter,25,USA,USA,
1997-98,Economics Seminar In Cambridge,George Lamson,Summer,21,UK,UK,
1997-98,English Seminar In London,Frank Morral,Spring,21,UK,UK,
1997-98,French Language In Pau I,Éva Pósfay,Spring,15,France,France,
1997-98,French Seminar In Paris,Cathy Yandell,Spring,23,France,France,
1997-98,Geology Seminar In Italy,David Bice,Fall,25,Italy,Italy,
1997-98,"German Seminar In Graz, Austria",Anne Ulmer,Fall,17,Austria,Austria,
1997-98,Marine Biology Seminar In Australia & New Zealand,Gary  Wagenbach,Winter,25,Australia,"Australia, New Zealand",
1997-98,"Political Science Seminar In Washington, D.C.",Steven Schier,Fall,20,USA,USA,
1997-98,Spanish Seminar In Morelia,Humberto Huergo,Winter,13,Mexico,Mexico,
1998-99,Economics Seminar In Cambridge,Mark Kanazawa,Summer,24,UK,UK,
1998-99,English Seminar In London,Susan Jaret McKinstry,Fall,24,UK,UK,
1998-99,French Language In Pau I,Christine Lac,Spring,23,France,France,
1998-99,French Seminar In Paris,Scott Carpenter,Spring,22,France,France,
1998-99,German Seminar In Berlin,Sigrun Leonhard,Fall,25,Germany,Germany,
1998-99,Political Science Seminar In Maastricht,Norman Vig,Spring,20,The Netherlands,The Netherlands,
1998-99,Russian Seminar In Moscow,Diane Nemec-Ignashev,Spring,23,Russia,Russia,
1998-99,Spanish Seminar In Morelia,Diane Pearsall,Winter,18,Mexico,Mexico,
1998-99,Studio Art Seminar In Australia/new Zealan,Fred Hagstrom,Winter,25,"Australia, New Zealand","Australia, New Zealand",
1998-99,Tropical Field Ecology In Costa Rica,Mark McKone,Winter Break,NDA,Costa Rica,Costa Rica,
1999-00,Art History In Amsterdam,Alison Kettering,Winter Break,12,The Netherlands,The Netherlands,
1999-00,Economics Seminar In Cambridge,Michael Hemesath,Summer,24,UK,UK,
1999-00,English & Psychology Seminar In London,Constance Walker & Neil Lutsky,Spring,31,UK,UK,
1999-00,English Seminar In Ireland,Robert Tisdale,Fall,20,Ireland,Ireland,
1999-00,Francophone Studies Seminar In Mali,Chérif Keïta,Winter,19,Mali,Mali,
1999-00,French Seminar In Paris,Éva Pósfay,Spring,20,France,France,
1999-00,Geology Seminar In Italy,David Bice,Fall,24,Italy,Italy,
1999-00,German Seminar In Munich,Julie Klassen,Fall,13,Germany,Germany,
1999-00,Marine Biology Seminar In Australia & New Zealand,Gary Wagenbach,Winter,24,Australia,"Australia, New Zealand",
1999-00,Political Economy Seminar In Beijing,Roy Grow,Spring,35,China,China,
1999-00,Spanish Seminar In Morelia,Silvia L. López,Winter,17,Mexico,Mexico,
2000-01,American Studies Seminar In California,Mike Kowalewski,Winter,23,USA,USA,
2000-01,Economics Seminar In Cambridge,Martha Paas,Summer,21,UK,UK,
2000-01,English Literature And Theater In London,Chiara Briganti,Fall,21,UK,UK,
2000-01,French Seminar In Paris,Dana Strand,Spring,17,France,France,
2000-01,Geology In The Bahamas,Clint Cowan,Winter Break,12,Bahamas,Bahamas,
2000-01,German Seminar In Nuremberg,Roger Paas,Fall,13,Germany,Germany,
2000-01,"Political Science Seminar In Washington, D.C.",Steven Schier,Winter,20,USA,USA,
2000-01,Posc In China/mexico,Roy Grow & Al Montero,Winter Break,20,"China/Mexico (10 in China, 10 in Mexico)","China/Mexico (10 in China, 10 in Mexico)",
2000-01,Russian Seminar In Moscow,Diane Nemec-Ignashev,Spring,13,Russia,Russia,
2000-01,Spanish Seminar In Morelia,Diane Pearsall,Winter,11,Mexico,Mexico,
2000-01,Studio Art Seminar In Nz & Australia,Fred Hagstrom,Winter,26,"Australia, New Zealand","Australia, New Zealand",
2000-01,Tropical Field Ecology In Costa Rica,Mark McKone,Winter Break,14,Costa Rica,Costa Rica,
2001-02,Art History In Amsterdam,Alison Kettering,Winter Break,11,The Netherlands,The Netherlands,
2001-02,Economics Seminar In Cambridge,H. Scott Bierman,Summer,22,UK,UK,
2001-02,English Literature And Theater In London,Gregory Blake Smith,Spring,15,UK,UK,
2001-02,English Seminar In Ireland,Frank Morral,Summer,21,Ireland,Ireland,
2001-02,Francophone Studies Seminar In Mali,Chérif Keïta,Winter,18,Mali,Mali,
2001-02,French Seminar In Paris,Scott Carpenter,Spring,18,France,France,
2001-02,Geology Seminar In Italy,Dave Bice,Fall,22,Italy,Italy,
2001-02,"German Seminar In Graz, Austria",Anne Ulmer,Fall,9,Austria,Austria,
2001-02,"History, Memory, And The Black Atlantic",Harry Williams,Winter Break,10,Ghana,Ghana,
2001-02,Marine Biology Seminar In Australia & New Zealand,Gary Wagenbach,Winter,25,Australia,"Australia, New Zealand",
2001-02,Political Science Seminar In Maastricht,Al Montero,Spring,23,The Netherlands,The Netherlands,
2001-02,Spanish Seminar In Morelia,Becky Boling,Winter,19,Mexico,Mexico,
2002-03,Chinese Seminar In Tianjin,Qiguang Zhao,Fall,25,China,China,
2002-03,Community Development And Cultural Empowerment In Guatemala,Bev Nagel,Winter Break,16,Guatemala,Guatemala,
2002-03,Economics Seminar In Cambridge,George Lamson,Summer,24,UK,UK,
2002-03,English Literature And Theater In London,Ruth Weiner,Winter,22,UK,UK,
2002-03,Field Investigations In Modern Carbonate Environments In The Bahamas,Clint Cowan,Winter Break,12,Bahamas,Bahamas,
2002-03,French Studies In Paris,Éva Pósfay,Spring,14,France,France,
2002-03,German Seminar In Berlin,Sigrun Leonhard,Fall,11,Germany,Germany,
2002-03,Political Economy Seminar In Beijing,Roy Grow,Spring,35,China,China,
2002-03,Russian Seminar In Moscow,Diane Nemec Ignashev,Spring,12,Russia,Russia,
2002-03,Spanish Seminar In Madrid,Humberto Huergo,Fall,18,Spain,Spain,
2002-03,Spanish Seminar In Morelia,José Cerna Bazan,Winter,19,Mexico,Mexico,
2002-03,Studio Art Seminar In Nz & Australia,Fred Hagstrom,Winter,26,New Zealand,"Australia, Cook Islands, New Zealand",
2002-03,Tropical Field Ecology In Costa Rica,Mark McKone,Winter Break,14,Costa Rica,Costa Rica,
2003-04,Animal Biology In The Galapagos,Matt Rand,Winter Break,15,Ecuador,Ecuador,
2003-04,Economics Seminar In Cambridge,Michael Hemesath,Summer,24,UK,UK,
2003-04,English Literature And Theater In London,Susan Jaret McKinstry,Spring,22,UK,UK,
2003-04,Francophone Studies Seminar In Mali,Chérif Keïta,Winter,20,Mali,Mali,
2003-04,French Studies In Paris,Cathy Yandell,Spring,20,France,France,
2003-04,Geology Seminar In Italy,Dave Bice,Fall,25,Italy,Italy,
2003-04,German Seminar In Berlin,Sigrun Leonhard,Fall,15,Germany,Germany,
2003-04,"History, Memory, And The Atlantic World",Harry Williams,Winter Break,11,Ghana,Ghana,
2003-04,Irish Literature And Culture In Ireland,Jim McDonnell,Summer,23,Ireland,Ireland,
2003-04,Marine Biology Seminar In Australia & New Zealand,Gary Wagenbach,Winter,26,Australia,"Australia, New Zealand",
2003-04,"Political Science Seminar In Washington, D.C.",Steven Schier,Spring,19,USA,USA,
2003-04,Spanish Seminar In Madrid,Humberto Huergo,Fall,19,Spain,Spain,
2003-04,Spanish Seminar In Puebla,José Cerna Bazan,Winter,20,Mexico,Mexico,
2004-05,American Studies Seminar In California,Mike Kowalewski,Summer,14,USA,USA,
2004-05,Art History In Amsterdam,Alison Kettering,Winter Break,13,The Netherlands,The Netherlands,
2004-05,Chinese Studies In Tianjin,Qiguang Zhao,Fall,25,China,China,
2004-05,Economics Seminar In Cambridge,Nathan Grawe,Summer,24,UK,UK,
2004-05,English & Psychology Seminar In London,Constance Walker & Neil Lutsky,Winter,34,UK,UK,
2004-05,French Studies In Paris,Scott Carpenter,Spring,24,France,France,
2004-05,German Seminar In Munich & Wittenberg,Julie Klassen,Fall,11,Germany,Germany,
2004-05,Political Science Seminar In Maastricht,Al Montero,Spring,26,The Netherlands,The Netherlands,
2004-05,Russian Seminar In Moscow,Diane Nemec Ignashev,Spring,12,Russia,Russia,
2004-05,Spanish Seminar In Madrid,Humberto Huergo,Fall,17,Spain,Spain,
2004-05,Spanish Seminar In Morelia,Diane Pearsall,Winter,18,Mexico,Mexico,
2004-05,Studio Art Seminar In Nz & Australia,Fred Hagstrom,Winter,26,New Zealand,"Australia, Cook Islands, New Zealand",
2004-05,Tropical Field Ecology In Costa Rica,Mark McKone,Winter Break,14,Costa Rica,Costa Rica,
2005-06,Coastal Biogeoscience Seminar In Australia,Phil Camill & Clint Cowan,Winter,32,Australia,Australia,
2005-06,Dream And Reality In Turn-of-the-century Vienna,Anne Ulmer,Winter Break,13,Austria,Austria,
2005-06,Economics Seminar In Cambridge,Mike Hemesath,Summer,24,UK,UK,
2005-06,English Literature And Theater In London,Nancy Cho,Spring,18,UK,UK,
2005-06,Francophone Studies Seminar In Mali,Chérif Keïta,Winter,22,Mali,Mali,
2005-06,French Studies In Paris,Éva Pósfay,Spring,17,France,France,
2005-06,Geology Seminar In Italy,Cameron Davidson,Fall,16,Italy,Italy,
2005-06,Irish Literature And Culture In Ireland,Greg Hewett,Summer,25,Ireland,Ireland,
2005-06,Photography In Hawaii,Linda Rossi,Winter Break,10,USA,USA,
2005-06,Political Economy Seminar In Beijing,Roy Grow,Spring,35,China,China,
2005-06,Social & Cultural Field Research In Guatemala,Jay Levi,Winter,10,Guatemala,Guatemala,
2005-06,Spanish Seminar In Madrid,Humberto Huergo,Fall,16,Spain,Spain,
2005-06,Spanish Seminar In Puebla,Silvia L. López,Winter,11,Mexico,Mexico,
2006-07,Art History In Amsterdam,Alison Kettering,Winter Break,13,The Netherlands,The Netherlands,
2006-07,Chinese Studies In Tianjin,Qiguang Zhao,Fall,26,China,China,
2006-07,Dance In Jamaica,Mary Easter,Winter Break,9,Jamaica,Jamaica,
2006-07,Economics Seminar In Cambridge,Tammy Feldman,Summer,25,UK,UK,
2006-07,English Literature And Theater In London,Elizabeth McKinsey,Spring,20,UK,UK,
2006-07,French Studies In Paris,Dana Strand,Spring,18,France,France,
2006-07,Jazz History In Nyc,Steve Kelly,Winter Break,8,USA,USA,
2006-07,New Media In Nyc & Europe,John Schott,Fall,22,USA,"Germany, Netherlands, United Kingdom, USA",
2006-07,"Political Science Seminar In Washington, D.C.",Steven Schier,Winter,20,USA,USA,
2006-07,Russian Seminar In Moscow,Diane Nemec Ignashev,Spring,10,Russia,Russia,
2006-07,Spanish Seminar In Madrid,Humberto Huergo,Fall,19,Spain,Spain,
2006-07,Spanish Seminar In Morelia,Diane Pearsall,Winter,11,Mexico,Mexico,
2006-07,Studio Art Seminar In Nz & Australia,Fred Hagstrom,Winter,26,New Zealand,"Australia, Cook Islands, New Zealand",
2006-07,Tropical Field Ecology In Costa Rica,Mark McKone,Winter Break,15,Costa Rica,Costa Rica,
2007-08,Economics Seminar In Cambridge,Mike Hemesath,Summer,26,UK,UK,
2007-08,El Mundo Maya: Anthropology In Guatemala And Chiapas - A Field Research Seminar,Jay Levi,Winter,12,Guatemala,"Guatemala, Mexico",
2007-08,English Literature And Theater In London,Gregory Blake Smith,Spring,23,UK,UK,
2007-08,Francophone Studies Seminar In Mali,Chérif Keïta,Winter,25,Mali,Mali,
2007-08,French Studies In Paris,Cathy Yandell,Spring,22,France,France,
2007-08,Geology Seminar In Italy,Cameron Davidson,Fall,17,Italy,Italy,
2007-08,German Seminar In Berlin,Sigrun Leonhard,Fall,15,Germany,Germany,
2007-08,Irish Literature And Culture In Ireland,Constance Walker,Summer,20,Ireland,Ireland,
2007-08,Latin American Field Research In Brazil,Al Montero & Silvia L. López,Winter Break,11,Brazil,Brazil,
2007-08,Marine Ecology In Australia,Phil Camill,Winter,26,Australia,Australia,
2007-08,Middle East Mosaics,"Rob Oden, Dana Strand, & Steve Strand",Winter,32,"Egypt, Morocco, Turkey","Egypt, Morocco, Turkey",
2007-08,Photography In Hawaii,Linda Rossi,Winter Break,10,USA,USA,
2007-08,Political Science Seminar In Maastricht,Al Montero,Spring,19,The Netherlands,The Netherlands,
2007-08,Spanish Seminar In Madrid,Humberto Huergo,Fall,19,Spain,Spain,
2007-08,Spanish Seminar In Puebla,José Cerna Bazan,Spring,6,Mexico,Mexico,
2008-09,Biodiversity & Conservation In Tanzania,Tsegaye Nega,Winter Break,15,Tanzania,Tanzania,
2008-09,Chinese Studies In Tianjin,Qiguang Zhao,Fall,26,China,China,
2008-09,Dream And Reality In Turn-of-the-century Vienna,Anne Ulmer,Winter Break,8,Austria,Austria,
2008-09,Economics Seminar In Cambridge,Pavel Kapinos,Summer,23,UK,UK,
2008-09,English Literature And Theater In London,Greg Hewett,Winter,24,UK,UK,
2008-09,Environmental Justice In New Orleans,Kim Smith,Winter Break,15,USA,USA,
2008-09,French Studies In Paris,Scott Carpenter,Spring,21,France,France,
2008-09,Jazz History In Nyc,Steve Kelly,Winter Break,9,USA,USA,
2008-09,New Media: Theory And Practice In Europe,John Schott,Spring,24,USA,USA,
2008-09,Political Economy Seminar In Beijing,Roy Grow,Spring,36,China,China,
2008-09,Russian Language & Literature In Moscow,Diane Nemec Ignashev,Spring,14,Russia,Russia,
2008-09,Spanish Seminar In Madrid,Palmar Alvarez-Blanco,Fall,16,Spain,Spain,
2008-09,Spanish Seminar In Mexico,José Cerna Bazan,Winter,11,Mexico,Mexico,
2008-09,Studio Art In The South Pacific,Fred Hagstrom,Winter,27,New Zealand,"Australia, Cook Islands, New Zealand",
2008-09,Tropical Field Ecology In Costa Rica,Mark McKone,Winter Break,15,Costa Rica,Costa Rica,
2009-10,Agricultural Sustainability In China And The U.S.,David Hougen-Eitzman,Winter Break,12,China,China,
2009-10,Animal Biology In The Galapagos,Matt Rand,Winter Break,14,Ecuador,Ecuador,
2009-10,Coastal Marine Ecology In Australia,Annie Bosacker,Winter,25,Australia,Australia,
2009-10,Economics Seminar In Cambridge,Radek Szulga,Summer,25,UK,UK,
2009-10,El Mundo Maya: Anthropology In Guatemala And Chiapas - A Field Research Seminar,Jay Levi,Winter,12,Guatemala,"Guatemala, Mexico",
2009-10,English Literature And Theater In London,George Shuffelton,Spring,22,UK,UK,
2009-10,Faith & Fiction: National Identity In Israel,Stacy Beckwith & Louis Newman,Winter Break,16,Israel,Israel,
2009-10,Francophone Studies Seminar In Mali,Chérif Keïta,Winter,21,Mali,Mali,
2009-10,French Studies In Paris,Scott Carpenter,Spring,21,France,France,
2009-10,Geology In New Zealand,Clint Cowan,Winter,21,New Zealand,New Zealand,
2009-10,German Seminar In Berlin,Kai Herklotz,Fall,20,Germany,Germany,
2009-10,Irish Literature And Culture In Ireland,Susan Jaret McKinstry,Summer,18,Ireland,Ireland,
2009-10,"Political Science Seminar In Washington, D.C.",Steven Schier,Winter,20,USA,USA,
2009-10,Russian Language & Literature In Moscow,Diane Nemec Ignashev,Spring,6,Russia,Russia,
2009-10,Spanish Seminar In Madrid,Humberto Huergo,Fall,18,Spain,Spain,
2009-10,Spanish Seminar In Mexico,José Cerna Bazan,Winter,12,Mexico,Mexico,
2010-11,Art And Architecture In England,Baird Jarman,Winter Break,9,UK,UK,
2010-11,Chinese Studies In Tianjin,Qiguang Zhao,Fall,24,China,China,
2010-11,Comparing Welfare States In Australia,Peter Brandon,Winter,16,Australia,Australia,
2010-11,Conservation And Development In Tanzania And Kenya,Tsegaye Nega,Winter,21,Tanzania,"Kenya, Tanzania",
2010-11,Cross-cultural Psychology In Prague,Ken Abrams,Fall,22,Czech Republic,Czech Republic,
2010-11,Economics Seminar In Cambridge,Lauren Feiler,Summer,25,UK,UK,
2010-11,English Literature And Theater In London,Constance Walker,Winter,21,UK,UK,
2010-11,European Political Economy In Madrid & Maastricht,Al Montero,Spring,26,Spain,"Spain, The Netherlands",
2010-11,French Studies In Paris,Éva Pósfay,Spring,16,France,France,
2010-11,"History, Memory, And The Atlantic World",Harry Williams,Winter Break,12,Ghana,Ghana,
2010-11,New Media: Theory And Practice In Europe,John Schott,Spring,21,Spain,"Denmark, Germany, Spain",
2010-11,Spanish Seminar In Madrid,Humberto Huergo,Fall,17,Spain,Spain,
2010-11,Studio Art In The South Pacific,Fred Hagstrom,Winter,25,New Zealand,"Australia, Cook Islands, New Zealand",
2010-11,Tropical Field Ecology In Costa Rica,Mark McKone,Winter Break,11,Costa Rica,Costa Rica,
2011-12,Agricultural Sustainability In The Us & China,David Hougen-Eitzman,Winter Break,12,China,China,
2011-12,Ecology In Australia,Annie Bosacker,Winter,26,Australia,Australia,
2011-12,Economics Seminar In Cambridge,Aaron Swoboda,Summer,23,UK,UK,
2011-12,El Mundo Maya: Anthropology In Guatemala And Chiapas - A Field Research Seminar,Jay Levi,Winter,12,Guatemala,"Guatemala, Mexico",
2011-12,English Literature And Theater In London,Peter Balaam,Spring,15,UK,UK,
2011-12,Faith & Fiction: National Identity In Israel,Stacy Beckwith & Louis Newman,Winter Break,15,Israel,Israel,
2011-12,Francophone Studies Seminar In Mali,Chérif Keïta,Winter,20,Mali,Mali,
2011-12,French Studies In Paris,Cathy Yandell,Spring,22,France,France,
2011-12,Geology In New Zealand,Mary Savina & Sarah Titus,Winter,21,New Zealand,New Zealand,
2011-12,German Seminar In Berlin,Kai Herklotz,Fall,12,Germany,Germany,
2011-12,Irish Literature And Culture In Ireland,Mike Kowalewski,Summer,18,Ireland,Ireland,
2011-12,"Japanese Linguistics And Culture In Kyoto, Japan",Mike Flynn,Spring,18,Japan,Japan,
2011-12,Latin American Field Research In Brazil,Al Montero & Silvia L. López,Winter Break,11,Brazil,Brazil,
2011-12,"Political Science Seminar In Washington, D.C.",Barbara Allen & Greg Marfleet,Winter,22,USA,USA,
2011-12,Russian Language & Literature In Moscow,Diane Nemec-Ignashev,Spring,11,Russia,Russia,
2011-12,"Society, Culture, And Language In Peru",José Cerna Bazan,Spring,22,Peru,Peru,
2011-12,Spanish Seminar In Madrid,Jorge Brioso,Fall,16,Spain,Spain,
2012-13,Biogeoscience In Belize: Tropical Marine And Marginal Marine Ecosystems,Clint Cowan ,Winter Break,13,Belize,Belize,
2012-13,Chinese Studies In China,Qiguang Zhao,Fall,25,China,China,
2012-13,Conservation And Development In Tanzania And Kenya,Tsegaye Nega,Winter,15,Tanzania,"Kenya, Tanzania",
2012-13,Cross-cultural Psychology In Prague,Ken Abrams,Fall,18,Czech Republic,Czech Republic,
2012-13,Dream And Reality In Turn-of-the-century Vienna,Anne Ulmer,Winter Break,6,Austria,Austria,
2012-13,Ecology In Australia,Annie Bosacker,Winter,25,Australia,Australia,
2012-13,Economics Seminar In Cambridge,Mike Hemesath & Steve Strand,Summer,25,UK,UK,
2012-13,French Studies In Paris,Scott Carpenter,Spring,16,France,France,
2012-13,"History, Religion, And Urban Change In Medieval And Renaissance Rome",Victoria Morse & Bill North,Spring,25,Italy,Italy,
2012-13,Microeconomic Development In Bangladesh,Faress Bhuiyan,Winter Break,16,Bangladesh,Bangladesh,
2012-13,New Media: Theory And Practice In Europe,John Schott,Spring,22,Spain,"The Netherlands, Spain, Turkey",
2012-13,"Society, Culture, And Language In Peru",José Cerna Bazan,Spring,20,Peru,Peru,
2012-13,Spanish Seminar In Madrid,Humberto Huergo,Fall,17,Spain,Spain,
2012-13,Studio Art In The South Pacific,Fred Hagstrom,Winter,26,New Zealand,"Australia, Cook Islands, New Zealand",
2012-13,Voice And Visibility In Afro – Arab Women’s History In Dubai Uae,Thabiti Willis,Winter Break,16,United Arab Emirates,United Arab Emirates,
2013-14,Agricultural Sustainability In The Us & China,David Hougen-Eitzman,Winter Break,12,China,China,
2013-14,Biology In Australia & New Zealand,"Mark McKone, Matt Rand, Dan Hernandez",Winter,25,"Australia, New Zealand","Australia, New Zealand",
2013-14,Economics Seminar In Cambridge,Mark Kanazawa,Summer,23,UK,UK,
2013-14,El Mundo Maya: Anthropology In Guatemala And Chiapas - A Field Research Seminar,Jay Levi,Winter,11,Guatemala,"Guatemala, Mexico",
2013-14,English Literature And Theater In London,Pierre Hecker,Winter,21,UK,UK,
2013-14,French Studies In Paris,Dana Strand,Spring,19,France,France,
2013-14,Geology In New Zealand,Clint Cowan & Sarah Titus,Winter,24,New Zealand,New Zealand,
2013-14,German Seminar In Berlin,Sigrun Leonhard,Fall,15,Germany,Germany,
2013-14,Identity And Belonging In The New Europe (posc),Dev Gupta,Spring,24,"Scotland, UK; Hungary","Scotland, UK; Hungary",
2013-14,Irish Literature And Culture In Ireland,Greg Hewett,Summer,18,Ireland,Ireland,
2013-14,"Japanese Linguistics And Culture In Kyoto, Japan",Mike Flynn,Spring,13,Japan,Japan,
2013-14,Moscow & Beyond: Russian Language And Cultural Studies,Diane Nemec-Ignashev,Spring,10,Russia,Russia,
2013-14,Spanish Seminar In Madrid,Humberto Huergo,Fall,20,Spain,Spain,
2013-14,Sport And Globalization In London And Seville,Bob Carlson,Winter,21,UK,"UK, Spain",
2013-14,Wilderness Studies In The Grand Canyon,George Vrtis,Spring Break,14,USA,USA,
2014-15,Cams Cinema And Culture Change In Chile And Argentina,Jay Beck & Cecilia Cornejo,Winter Break,15,"Argentina, Chile","Argentina, Chile",
2014-15,Chinese Studies In China,Qiguang Zhao,Fall,16,China,China,
2014-15,Cross-cultural Psychology In Prague,Ken Abrams,Fall,21,Czech Republic,Czech Republic,
2014-15,Ecology In Australia,Annie Bosacker,Winter,26,Australia,Australia,
2014-15,Economics Seminar In Cambridge,Nathan Grawe,Summer,24,UK,UK,
2014-15,English Literature And Theater In London,Susan Jaret McKinstry,Winter,17,UK,UK,
2014-15,French Studies In Paris,Cathy Yandell,Spring,25,France,France,
2014-15,"History, Religion, And Urban Change In Medieval And Renaissance Rome",Victoria Morse & Bill North,Spring,25,Italy,Italy,
2014-15,Microeconomic Development In Bangladesh,Faress Bhuiyan,Winter Break,14,Bangladesh,Bangladesh,
2014-15,New Media In Japan,John Schott,Spring,20,Japan,Japan,
2014-15,Political Economy And Ecology Of Southeast Asia,Tun Myint,Winter,20,Myanmar,"Myanmar, Thailand",
2014-15,"Public Health In Practice In The Twin Cities And Washington, D.C.",Debby Walser-Kuntz,Winter Break,14,USA,USA,
2014-15,"Society, Culture, And Language In Peru",José Cerna Bazan,Spring,14,Peru,Peru,
2014-15,Spanish Seminar In Madrid,Humberto Huergo,Fall,18,Spain,Spain,
2014-15,Studio Art In The South Pacific,Fred Hagstrom,Winter,24,New Zealand,"Australia, Cook Islands, New Zealand",
2014-15,U.S. Relations With Ghana: The Field Trip And Beyond (Moved from Ghana to Amsterdam),Harry Williams,Winter Break,14,The Netherlands,The Netherlands,
2015-16,Agricultural Sustainability In China And The U.S.,David Hougen-Eitzman,Winter Break,12,China,China,
2015-16,Biology In Australia & New Zealand,"Mark McKone, Nancy Braker, & Gary Wagenbach",Winter,24,"Australia, New Zealand","Australia, New Zealand",
2015-16,Conservation And Development In Ethiopia And Tanzania,Tsegaye Nega,Winter,14,"Ethiopia, Tanzania","Ethiopia, Tanzania",
2015-16,Economics Seminar In Cambridge,Lauren Feiler,Summer,24,UK,UK,
2015-16,El Mundo Maya: Anthropology In Guatemala And Chiapas - A Field Research Seminar,Jay Levi,Winter,8,Guatemala,"Guatemala, Mexico",
2015-16,English Literature And Theater In London,Nancy Cho,Spring,20,UK,UK,
2015-16,French Studies In Paris,Scott Carpenter,Spring,17,France,France,
2015-16,Geology In New Zealand,Clint Cowan & Cam Davidson,Winter,24,New Zealand,New Zealand,
2015-16,German And European Studies In Berlin,David Tompkins & Lydia Tang,Fall,33,Germany,Germany,
2015-16,Irish Literature And Culture In Ireland,Greg Hewett,Summer,16,Ireland,Ireland,
2015-16,"Japanese Linguistics And Culture In Kyoto, Japan",Mike Flynn,Spring,17,Japan,Japan,
2015-16,Moscow & Beyond: Russian Language And Cultural Studies,Diane Nemec-Ignashev,Spring,7,Russia,Russia,
2015-16,"Political Science Seminar In Washington, D.C.",Barbara Allen & Greg Marfleet,Spring,16,USA,USA,
2015-16,Spanish Seminar In Madrid,Humberto Huergo,Fall,15,Spain,Spain,
2015-16,Sport And Globalization In London And Seville,Bob Carlson,Winter,25,UK,"UK, Spain",
2015-16,Studio Art: The New York Program,Dan Bruggeman,Winter Break,14,USA,USA,
2015-16,Wilderness Studies At The Grand Canyon,George Vrtis,Spring Break,12,USA,USA,
2016-17,Cams Cinema And Culture Change In Chile And Argentina,Jay Beck & Cecilia Cornejo,Winter Break,14,"Argentina, Chile","Argentina, Chile",
2016-17,Cross-cultural Psychology In Prague,Ken Abrams,Fall,22,Czech Republic,Czech Republic,
2016-17,Digital Photography And New Media In Europe And Northern Africa,John Schott,Winter,21,Morocco,"Germany, Portugal, Morocco",
2016-17,Ecology In Australia,Annie Bosacker,Winter,26,Australia,Australia,
2016-17,Economics Seminar In Cambridge,Martha Paas,Summer,20,UK,UK,
2016-17,English Literature And Theater In London,Arnab Chakladar,Spring,14,UK,UK,
2016-17,French Studies In Paris,Éva Pósfay,Spring,25,France,France,
2016-17,"Gardens, Landscape, And The Built Environment In Japan",Katie Ryor,Spring,15,Japan,Japan,
2016-17,Geology And Natural History In Tasmania,Mary Savina & Nancy Braker,Winter Break,8,Australia,Australia,
2016-17,"History, Religion, And Urban Change In Medieval And Renaissance Rome",Victoria Morse & Bill North,Spring,24,Italy,Italy,
2016-17,India: Globalization And Local Responses,Meera Sehgal & Brendan LaRocque,Winter,16,India,India,
2016-17,"Public Health In Practice In The Twin Cities And Washington, D.C.",Debby Walser-Kuntz,Winter Break,14,USA,USA,
2016-17,"Society, Culture, And Language In Peru",José Cerna Bazan,Spring,20,Peru,Peru,
2016-17,Spanish Studies In Madrid,Humberto Huergo,Fall,10,Spain,Spain,
2016-17,Studio Art In The South Pacific,Fred Hagstrom,Winter,25,New Zealand,"Australia, Cook Islands, New Zealand",
2016-17,Sustainable Energy Principles & Practice In India,Arjendu Pattanayak,Winter Break,16,India,India,
2016-17,Visions Of California: Searching For The Golden State,Mike Kowalewski,Winter,18,USA,USA,
2017-18,(beyond) Nationalism And Xenophobia In Central And Eastern Europe,Mihaela Czobor-Lupp,Spring,20,Romania,Romania,
2017-18,Agricultural Sustainability In China And The U.S.,David Hougen-Eitzman,Winter Break,12,China,China,
2017-18,Architectural Studies In Europe,Baird Jarman,Winter,23,Spain,"UK, France, Italy, Spain",
2017-18,Art Now:  Global Contemporary Art And The Mega Exhibitions,Ross Elfline,Summer,15,Italy,"Germany, Italy",
2017-18,English Literature And Theater In London,Elizabeth McKinsey,Spring,19,UK,UK,
2017-18,French And Francophone Studies In Paris,Cathy Yandell,Spring,20,France,France,
2017-18,Geology In New Zealand,Clint Cowan & Sarah Titus,Winter,24,New Zealand,New Zealand,
2017-18,"Gep Buddhist Studies In Bodh Gaya, India",Arthur McKeown,Fall Semester,3,India,India,
2017-18,Gep Globalization And Sustainable Development In Cameroon,Nicholas Hockin,Fall Semester,5,Cameroon,Cameroon,
2017-18,Gep Women's And Gender Studies In Europe,Iveta Jusova,Fall Semester,8,Poland,"Germany, Czech Republic, Netherlands, Poland",
2017-18,German And European Studies In Berlin,Sigrun Leonhard & David Tompkins,Fall,17,Germany,Germany,
2017-18,"Irish Literature, Art, Performance And Culture In Ireland",Pierre Hecker,Summer,15,Ireland,Ireland,
2017-18,"Japanese Linguistics And Culture In Kyoto, Japan",Mike Flynn,Spring,18,Japan,Japan,
2017-18,Language And Culture In Global Russia,Diane Nemec Ignashev,Spring,12,Russia,Russia,
2017-18,Microeconomic Development In Bangladesh,Faress Bhuiyan,Winter Break,15,Bangladesh,Bangladesh,
2017-18,Spanish Studies In Madrid,Humberto Huergo,Fall,17,Spain,Spain,
2017-18,Sport And Globalization In London And Seville,Bob Carlson,Winter,22,UK,"UK, Spain",
2017-18,Studio Art: The New York Program,Dan Bruggeman,Winter Break,12,USA,USA,
2017-18,Wilderness Studies At The Grand Canyon,George Vrtis,Spring Break,11,USA,USA,
2018-19,Cinema And Media Studies In Europe,Laska Jimsen,Winter,22,Portugal,"Denmark, Germany, The Netherlands, Portugal",
2018-19,"Conservation, Geology, And Natural History In Tasmania",Mary Savina & Nancy Braker,Winter Break,10,Australia,Australia,
2018-19,Cross-cultural Psychology In Prague,Ken Abrams,Fall,22,Czech Republic,Czech Republic,
2018-19,Economics And European Studies In Cambridge,Paul Petzschmann,Summer,21,UK,UK,
2018-19,English Literature And Theater In London,Greg Hewett,Spring,15,UK,UK,
2018-19,French And Francophone Studies In Paris,Éva Pósfay,Spring,20,France,France,
2018-19,"Gep Buddhist Studies In Bodh Gaya, India",Arthur McKeown,Fall Semester,4,India,India,
2018-19,Gep Women's And Gender Studies In Europe,Iveta Jusova,Fall Semester,3,Poland,"Germany, Czech Republic, Netherlands, Poland",
2018-19,"History, Religion, And Urban Change In Medieval And Renaissance Rome",Victoria Morse & Bill North,Spring,26,Italy,Italy,
2018-19,India: Globalization And Local Responses,Meera Sehgal & Brendan LaRocque,Winter,16,India,India,
2018-19,Language And Culture In Global Russia,Diane Nemec Ignashev,Spring,6,Russia,Russia,
2018-19,Pilgrimage And Sacred Space In Japan,Asuka Sango,Spring,18,Japan,Japan,
2018-19,"Public Health In Practice In The Twin Cities And Washington, D.C.",Debby Walser-Kuntz,Winter Break,14,USA,USA,
2018-19,"Society, History, And Popular Culture In Senegal",Chérif Keïta,Winter Break,13,Senegal,Senegal,
2018-19,Spanish Studies In Madrid,Humberto Huergo,Fall,14,Spain,Spain,
2018-19,Studio Art In The South Pacific,Fred Hagstrom,Winter,26,New Zealand,"Australia, Cook Islands, New Zealand",
2018-19,Sustainable Energy Principles & Practice In India,Arjendu Pattanayak,Winter Break,12,India,India,
2018-19,Visions Of California: Searching For The Golden State,Mike Kowalewski,Winter,16,USA,USA,
2019-20,Architectural Studies In Europe,Baird Jarman,Winter,20,Spain,"UK, France, Italy, Spain",
2019-20,Economics And European Studies In Cambridge,Paul Petzschmann,Summer,16,UK,"UK, Belgium, France",
2019-20,English Literature And Theater In London,Constance Walker,Winter,11,UK,UK,
2019-20,Geology In New Zealand,Clint Cowan & Cam Davidson,Winter,24,New Zealand,New Zealand,
2019-20,"Gep Buddhist Studies In Bodh Gaya, India",Arthur McKeown,Fall Semester,0,India,India,
2019-20,Gep Women's And Gender Studies In Europe,Iveta Jusova,Fall Semester,3,Poland,"Germany, Czech Republic, Netherlands, Poland",
2019-20,German Studies In Berlin,Seth Elliott Meyer,Fall,15,Germany,Germany,
2019-20,History Of Computing In England,David Liben-Nowelll,Summer,20,UK,UK,
2019-20,Irish Studies In Ireland,Constance Walker,Summer,12,Ireland,Ireland,
2019-20,Microeconomic Development In Bangladesh,Faress Bhuiyan,Winter Break,14,Bangladesh,Bangladesh,
2019-20,Political Economy And Ecology Of Southeast Asia,Tun Myint,Winter,17,Myanmar,"Myanmar, Thailand",
2019-20,Spanish Studies In Madrid,Humberto Huergo,Fall,13,Spain,Spain,
2019-20,Sport And Globalization In London And Seville,Bob Carlson,Winter,23,UK,"UK, Spain",
2020-21,Climate Change And Human Health In Ethiopia: From Science To Practice,Deborah Gross & Tsegaye Nega,Winter Break,13,USA,USA,
2020-21,"Public Health In Practice In The Twin Cities And Washington, D.C.",Debby Walser-Kuntz,Winter Break,11,USA,USA,
2021-22,Architectural Studies In Europe,Baird Jarman,Winter,27,Spain,"UK, Italy, Spain",
2021-22,Cross-cultural Psychology In Prague,Ken Abrams,Fall,15,Czech Republic,Czech Republic,
2021-22,French And Francophone Studies In Paris,Scott Carpenter,Spring,25,France,France,
2021-22,"Gep Buddhist Studies In Bodh Gaya, India",Arthur McKeown,Fall Semester,4,India,"India, Thailand",
2021-22,Gep Women's And Gender Studies In Europe (Moved to Sweden due to COVID),Iveta Jusova,Fall Semester,5,Sweden,Sweden,
2021-22,"History, Culture, And Commerce: Africa And Arabia",Thabiti Willis,Spring,20,"Bahrain, Oman, United Arab Emirates","Bahrain, Oman, United Arab Emirates",
2021-22,"Living London: Literature, Theater, Art, And The City",Pierre Hecker,Spring,15,UK,UK,
2021-22,"Making Public History In Boston And Washington, D.C.",Serena Zabin,Winter Break,12,USA,USA,
2021-22,"Society, History, And Popular Culture In Senegal",Chérif Keïta,Winter Break,9,Senegal,Senegal,
2021-22,Spanish Studies In Madrid,Palmar Alvarez-Blanco,Fall,16,Spain,Spain,
2021-22,Sport And Globalization In London And Seville,Bob Carlson,Winter,25,UK,"UK, Spain",
2021-22,Wilderness Studies At The Grand Canyon,George Vrtis,Spring Break,12,USA,USA,
2022-23,(beyond) Nationalism And Xenophobia In Central And Eastern Europe,Mihaela Czobor-Lupp,Spring,13 projected,Romania,Romania,
2022-23,Climate Change And Human Health In Ethiopia: From Science To Practice,Deborah Gross & Tsegaye Nega,Winter Break,12,Ethiopia,Ethiopia,
2022-23,Cross-cultural Psychology In Prague,Ken Abrams,Fall,20,Czech Republic,Czech Republic,
2022-23,Economics Seminar In Cambridge,Michael Hemesath,Summer,17,UK,"UK, Belgium",
2022-23,"Food, Forests, And Resliance:  Systems Of Socio-ecological Sustainability In Oaxaca, Mexico",Constanza Ocampo-Raeder & Dan Hernández,Winter Break,18,Mexico,Mexico,
2022-23,French And Francophone Studies In Paris,Scott Carpenter,Spring,18 projected,France,France,
2022-23,Geology In New Zealand,Cam Davidson & Sarah Titus,Winter,24,New Zealand,New Zealand,
2022-23,"Gep Buddhist Studies In Bodh Gaya, India",Arthur McKeown,Fall Semester,6,India,India,
2022-23,Gep Women's And Gender Studies In Europe,Iveta Jusova,Fall Semester,7,Poland,"Germany, Czech Republic, Netherlands, Poland",
2022-23,German Studies In Berlin,Kiley Kost,Fall,17,Germany,Germany,
2022-23,History Of Computing In England,David Liben-Nowelll,Summer,24,UK,UK,
2022-23,"History, Religion, And Urban Change In Medieval And Renaissance Rome",Victoria Morse & Bill North,Spring,27 projected,Italy,Italy,
2022-23,India: Globalization And Local Responses,Meera Sehgal & Brendan LaRocque,Winter,13,India,India,
2022-23,"Linguistics And Culture In Kyoto, Japan",Mike Flynn,Spring,19 projected,Japan,Japan,
2022-23,"Living London: City, Scene, Anthropocene",Peter Balaam,Winter,26,UK,UK,
2022-23,Russian At A Cultural Crossroad,Diane Nemec Ignshev & Victoria Thorstensson,Spring,12 projected,Qazaqstan,Qazaqstan,
2022-23,Spanish Studies In Madrid,Humberto Huergo,Fall,20,Spain,Spain,
2022-23,Studio Art In The South Pacific,Eleanor Jensen,Winter,26,New Zealand,"Australia, Cook Islands, New Zealand",
2022-23,Visions Of California: Searching For The Golden State,Mike Kowalewski,Winter,13,USA,USA,